Mímika,Maquillaje,Labios,Lipstick Blackberry,3.5g,13500,19500,Lápiz labial,mimika-lipstick-blackberry,https://www.lidherma.com.ar/thumbnails/mmika_lipstick_blackberry1_310xauto.png
Mímika,Maquillaje,Labios,Lipstick Deep Nude,3.5g,13500,19500,Lápiz labial,mimika-lipstick-deep-nude,https://www.lidherma.com.ar/thumbnails/mmika_lipstick_nude1_310xauto.png
Mímika,Maquillaje,Labios,Lipstick Ruby Red,3.5g,13500,19500,Lápiz labial,mimika-lipstick-ruby-red,https://www.lidherma.com.ar/thumbnails/mmika_lipstick_red1_310xauto.png
Mímika,Maquillaje,Labios,Lipstick Soft Nude,3.5g,13500,19500,Lápiz labial,mimika-lipstick-soft-nude,https://www.lidherma.com.ar/thumbnails/mimika_lipstick_soft_nude_310xauto.jpg
Mímika,Maquillaje,Pinceles,Pincel Eyeshadow,Unidad,14000,17500,Pincel aplicación,mimika-pincel-eyeshadow,https://www.lidherma.com.ar/thumbnails/mimika_pincel_eyeshadow_310xauto.jpg
Mímika,Maquillaje,Pinceles,Pincel Lustre,Unidad,23500,28500,Pincel aplicación,mimika-pincel-lustre,https://www.lidherma.com.ar/thumbnails/mimika_pincel_lustre_310xauto.jpg
Mímika,Maquillaje,Pinceles,Pincel Powder,Unidad,30500,37000,Pincel aplicación,mimika-pincel-powder,https://www.lidherma.com.ar/thumbnails/mimika_pincel_powder_310xauto.jpg
Mímika,Maquillaje,Pinceles,Pincel Make-up,Unidad,30500,37000,Pincel aplicación,mimika-pincel-make-up,https://www.lidherma.com.ar/thumbnails/mimika_pincel_makeup_310xauto.jpg
Mímika,Maquillaje,Pinceles,Pincel Concealer White,Unidad,18500,22500,Pincel aplicación,mimika-pincel-concealer-white,https://www.lidherma.com.ar/thumbnails/mimika_pincel_concealer_white_310xauto.jpg
Mímika,Maquillaje,Pinceles,Pincel Concealer,Unidad,11000,13500,Pincel aplicación,mimika-pincel-concealer,https://www.lidherma.com.ar/thumbnails/mimika_pincel_concealer_310xauto.jpg
Mímika,Maquillaje,Pinceles,Pincel Foundation,Unidad,17500,21500,Pincel aplicación,mimika-pincel-foundation,https://www.lidherma.com.ar/thumbnails/mimika_pincel_foundation_310xauto.jpg
Fórmulas Faciales,Cuidado de la piel,Limpieza,Fórmula Higiénica,320g,26000,42000,Limpieza profunda,formulas-faciales-formula-higienica-320g,https://www.lidherma.com.ar/thumbnails/lidherma_formula_higienica3_310xauto.jpg
Fórmulas Faciales,Cuidado de la piel,Limpieza,Fórmula Higiénica,50g,15500,25000,Limpieza profunda,formulas-faciales-formula-higienica-50g,https://www.lidherma.com.ar/thumbnails/lidherma_formula_higienica3_310xauto.jpg
Fórmulas Faciales,Cuidado de la piel,Exfoliación,Fórmula Dermo Scrub,320g,26000,42000,Exfoliante,formulas-faciales-formula-dermo-scrub-320g,https://www.lidherma.com.ar/thumbnails/lidherma_formula_dermo_scrub1_310xauto.jpg
Fórmulas Faciales,Cuidado de la piel,Exfoliación,Fórmula Dermo Scrub,50g,16000,26000,Exfoliante,formulas-faciales-formula-dermo-scrub-50g,https://www.lidherma.com.ar/thumbnails/lidherma_formula_dermo_scrub1_310xauto.jpg
Fórmulas Faciales,Cuidado de la piel,Firmeza,Fórmula Firmosomas,320g,26500,42500,Firmeza,formulas-faciales-formula-firmosomas-320g,https://www.lidherma.com.ar/thumbnails/lidherma_formula_firmosomas_1_310xauto.jpg
Fórmulas Faciales,Cuidado de la piel,Firmeza,Fórmula Firmosomas,50g,19000,31500,Firmeza,formulas-faciales-formula-firmosomas-50g,https://www.lidherma.com.ar/thumbnails/lidherma_formula_firmosomas_1_310xauto.jpg
Fórmulas Faciales,Cuidado de la piel,Anti-age,Fórmula Peptisomas,320g,30000,48000,Péptidos,formulas-faciales-formula-peptisomas-320g,https://www.lidherma.com.ar/thumbnails/lidherma_formula_peptisomas_1_310xauto.jpg
Fórmulas Faciales,Cuidado de la piel,Anti-age,Fórmula Peptisomas,50g,19000,31500,Péptidos,formulas-faciales-formula-peptisomas-50g,https://www.lidherma.com.ar/thumbnails/lidherma_formula_peptisomas_1_310xauto.jpg
Fórmulas Faciales,Cuidado de la piel,Contorno de ojos,Fórmula Lip Care,15g,14000,23500,Cuidado labial,formulas-faciales-formula-lip-care,https://www.lidherma.com.ar/thumbnails/lidherma_formula_lip_care1_310xauto.jpg
Fórmulas Faciales,Cuidado de la piel,Contorno de ojos,Fórmula Lumin Eyes,30g,15500,26000,Contorno ojos,formulas-faciales-formula-lumin-eyes,https://www.lidherma.com.ar/thumbnails/lumin_eyes_nuevo_packaging_foto_adaptada1_310xauto.png
Fórmulas Faciales,Cuidado de la piel,Contorno de ojos,Fórmula Tri Silk,30g,19000,32000,Contorno ojos,formulas-faciales-formula-tri-silk,https://www.lidherma.com.ar/thumbnails/lidherma_tri_silk1_310xauto.jpg
Fórmulas Faciales,Cuidado de la piel,Hidratación,Fórmula ADN,320g,25000,40000,ADN,formulas-faciales-formula-adn-320g,https://www.lidherma.com.ar/thumbnails/lidherma_formula_adn_polimerizado_1_310xauto.jpg
Fórmulas Faciales,Cuidado de la piel,Hidratación,Fórmula ADN,50g,15000,25000,ADN,formulas-faciales-formula-adn-50g,https://www.lidherma.com.ar/thumbnails/lidherma_formula_adn_polimerizado_1_310xauto.jpg
Fórmulas Faciales,Cuidado de la piel,Hidratación,Fórmula Hidrosomas,320g,25500,41000,Hidratación,formulas-faciales-formula-hidrosomas-320g,https://www.lidherma.com.ar/thumbnails/lidherma_formula_hidrosomas_1_310xauto.jpg
Fórmulas Faciales,Cuidado de la piel,Hidratación,Fórmula Hidrosomas,50g,16000,27000,Hidratación,formulas-faciales-formula-hidrosomas-50g,https://www.lidherma.com.ar/thumbnails/lidherma_formula_hidrosomas_1_310xauto.jpg
Fórmulas Faciales,Cuidado de la piel,Hidratación,Fórmula Nutrisomas,320g,27000,43500,Nutrición,formulas-faciales-formula-nutrisomas-320g,https://www.lidherma.com.ar/thumbnails/lidherma_formula_nutrisomas_1_310xauto.jpg
Fórmulas Faciales,Cuidado de la piel,Hidratación,Fórmula Nutrisomas,50g,16500,27000,Nutrición,formulas-faciales-formula-nutrisomas-50g,https://www.lidherma.com.ar/thumbnails/lidherma_formula_nutrisomas_1_310xauto.jpg
Fórmulas Faciales,Cuidado de la piel,Hidratación,Fórmula Hierbas,125ml,11500,19000,Tónico hierbas,formulas-faciales-formula-hierbas-125ml,https://www.lidherma.com.ar/thumbnails/lidherma_formula_hierbas_1_310xauto.jpg
Fórmulas Faciales,Cuidado de la piel,Hidratación,Fórmula Hierbas,500ml,19500,31500,Tónico hierbas,formulas-faciales-formula-hierbas-500ml,https://www.lidherma.com.ar/thumbnails/lidherma_formula_hierbas_1_310xauto.jpg
Fórmulas Faciales,Cuidado de la piel,Mascarillas,Expert Mask Antiedad,150g,16000,26000,Mascarilla antiedad,formulas-faciales-expert-mask-antiedad,https://www.lidherma.com.ar/thumbnails/expert_mask_antiage_adaptada1_310xauto.png
Fórmulas Faciales,Cuidado de la piel,Mascarillas,Expert Mask Hidratante,150g,16000,26000,Mascarilla hidratante,formulas-faciales-expert-mask-hidratante,https://www.lidherma.com.ar/thumbnails/expert_mask_hidratante_adaptada1_310xauto.png
Fórmulas Faciales,Cuidado de la piel,Mascarillas,Expert Mask Purificante,150g,16000,26000,Mascarilla purificante,formulas-faciales-expert-mask-purificante,https://www.lidherma.com.ar/thumbnails/expert_mask_purificante_adaptada1_310xauto.png
Fórmulas Faciales,Cuidado de la piel,Mascarillas,Máscara Equilibrante,150g,13000,21500,Mascarilla equilibrante,formulas-faciales-mascara-equilibrante,https://www.lidherma.com.ar/thumbnails/lidherma_mascara_equilibrante_310xauto.jpg
Fórmulas Faciales,Cuidado de la piel,Mascarillas,Mousse de Avena,250g,21500,33500,Mousse limpiadora,formulas-faciales-mousse-de-avena,https://www.lidherma.com.ar/thumbnails/lidherma_formula_mousse_de_avena1_310xauto.jpg
Fórmulas Faciales,Cuidado de la piel,Mascarillas,Máscara Descongestiva,150g,12000,19500,Mascarilla descongestiva,formulas-faciales-mascara-descongestiva,https://www.lidherma.com.ar/thumbnails/lidherma_mascara_descongestiva1_310xauto.jpg
Fórmulas Faciales,Cuidado de la piel,Mascarillas,Tecno Mask Liftense,22g,9500,14500,Mascarilla lifting,formulas-faciales-tecno-mask-liftense,https://www.lidherma.com.ar/thumbnails/expert_mask_tecno_mask_liftense_310xauto.jpg
Fórmulas Corporales,Cuidado de la piel,Corporal,Fórmula Masaje Celulitis,500g,22000,35500,Anticelulítico,formulas-corporales-formula-masaje-celulitis,https://www.lidherma.com.ar/thumbnails/lidherma_formula_masaje_celulitis1_310xauto.jpg
Fórmulas Corporales,Cuidado de la piel,Corporal,Fórmula Criogel,480g,19500,31500,Criogel,formulas-corporales-formula-criogel,https://www.lidherma.com.ar/thumbnails/lidherma_formula_criogel1_310xauto.jpg
Fórmulas Corporales,Cuidado de la piel,Corporal,Celluporine,500g,27000,43500,Anticelulítico,formulas-corporales-celluporine,https://www.lidherma.com.ar/thumbnails/lidherma_celluporine_crema_para_masajes1_310xauto.jpg
Fórmulas Corporales,Cuidado de la piel,Corporal,Fórmula Gel Conductor,500g,8500,13500,Gel conductor,formulas-corporales-formula-gel-conductor,https://www.lidherma.com.ar/thumbnails/lidherma_formula_gel_conductor1_310xauto.jpg
Fórmulas Corporales,Cuidado de la piel,Corporal,Fórmula Masaje Universal,500g,14000,22500,Masaje universal,formulas-corporales-formula-masaje-universal,https://www.lidherma.com.ar/thumbnails/lidherma_formula_masaje_universal1_310xauto.jpg
Fórmulas Corporales,Cuidado de la piel,Corporal,Fórmula Vitaminada,480g,24000,39500,Vitaminada,formulas-corporales-formula-vitaminada,https://www.lidherma.com.ar/thumbnails/ldh_vitaminada_con_retinol_480gr_mobile_310xauto.jpg
Fórmulas Corporales,Cuidado de la piel,Corporal,Espuma Corporal,300g,16000,27000,Espuma corporal,formulas-corporales-espuma-corporal,https://www.lidherma.com.ar/thumbnails/lidherma_formula_espuma_corporal1_310xauto.jpg
Fórmulas Corporales,Cuidado de la piel,Corporal,Fórmula Scrub Corporal,500g,23000,37000,Exfoliante corporal,formulas-corporales-formula-scrub-corporal,https://www.lidherma.com.ar/thumbnails/scrub_corporal_pro_imagen_web1_310xauto.png
Fórmulas Corporales,Cuidado de la piel,Corporal,Fórmula Masaje Reductor,500g,23000,37000,Masaje reductor,formulas-corporales-formula-masaje-reductor,https://www.lidherma.com.ar/thumbnails/masaje_reductor_nuevo_packaging_11_310xauto.png
Fórmulas Corporales,Cuidado de la piel,Corporal,Fórmula Termogel,500g,21000,34000,Termogel,formulas-corporales-formula-termogel,https://www.lidherma.com.ar/thumbnails/lidherma_formula_termogel1_310xauto.jpg
Fórmulas Corporales,Cuidado de la piel,Corporal,Fórmula Ultra Reductora,500g,36000,58000,Ultra reductora,formulas-corporales-formula-ultra-reductora-500g,https://www.lidherma.com.ar/thumbnails/ultra_reductora_pro_imagen_web1_310xauto.png
Fórmulas Corporales,Cuidado de la piel,Corporal,Fórmula Ultra Reductora,180g,17000,26000,Ultra reductora,formulas-corporales-formula-ultra-reductora-180g,https://www.lidherma.com.ar/thumbnails/ultra_reductora_ubo_imagen_web1_310xauto.png
Fórmulas Corporales,Cuidado de la piel,Corporal,Fórmula Masaje Afirmante,500g,24500,39500,Masaje afirmante,formulas-corporales-formula-masaje-afirmante,https://www.lidherma.com.ar/thumbnails/lidherma_formula_masaje_afirmante_con_dmae1_310xauto.jpg
Fórmulas Corporales,Cuidado de la piel,Corporal,Fórmula Corporal Firmeza,100ml,17000,27500,Firmeza corporal,formulas-corporales-formula-corporal-firmeza,https://www.lidherma.com.ar/thumbnails/corporal_firmeza_pro_imagen_web5_310xauto.png
Fórmulas Corporales,Cuidado de la piel,Corporal,Fórmula Corporal Reductora,100ml,17000,27500,Reductora corporal,formulas-corporales-formula-corporal-reductora,https://www.lidherma.com.ar/thumbnails/corporal_reductora_pro_imagen_web1_310xauto.png
Fórmulas Corporales,Cuidado de la piel,Corporal,Fórmula Corporal Drenante,100ml,17000,27500,Drenante corporal,formulas-corporales-formula-corporal-drenante,https://www.lidherma.com.ar/thumbnails/corporal_drenanterpro_imagen_web1_310xauto.png
Fórmulas Corporales,Cuidado de la piel,Corporal,Fórmula Corporal Estrías,100ml,17000,27500,Anti-estrías,formulas-corporales-formula-corporal-estrias,https://www.lidherma.com.ar/thumbnails/corporal_estras_pro_imagen_web3_310xauto.png
Manos,Cuidado de la piel,Manos,Intensive Care,100g,12000,18000,Crema de manos,manos-intensive-care,https://www.lidherma.com.ar/thumbnails/lidherma_formula_intensive_care1_310xauto.jpg
Peeling,Cuidado de la piel,Exfoliación,Aha's Peeling Scrub,150g,16000,24000,Exfoliante corporal,peeling-aha-s-peeling-scrub,https://www.lidherma.com.ar/thumbnails/ahas_peeling_scrub_foto_producto3_310xauto.png
Peeling,Cuidado de la piel,Exfoliación,Enzimático,100g,12000,21000,Peeling enzimático,peeling-enzimatico,https://www.lidherma.com.ar/thumbnails/enzimatico_peeling_imagen_adaptada3_310xauto.png
Peeling,Cuidado de la piel,Exfoliación,Butilresorcinol,30ml,9500,12000,Peeling químico,peeling-butilresorcinol,https://www.lidherma.com.ar/thumbnails/butilresorcinol_adaptada1_310xauto.png
Peeling,Cuidado de la piel,Exfoliación,Glicólico,30ml,9500,12000,Peeling químico,peeling-glicolico,https://www.lidherma.com.ar/thumbnails/gliclico_adaptada1_310xauto.png
Peeling,Cuidado de la piel,Exfoliación,Láctico,30ml,9500,12000,Peeling químico,peeling-lactico,https://www.lidherma.com.ar/thumbnails/lctico_adaptada1_310xauto.png
Peeling,Cuidado de la piel,Exfoliación,Mandélico,30ml,9500,12000,Peeling químico,peeling-mandelico,https://www.lidherma.com.ar/thumbnails/lidherma_formula_mandelico1_310xauto.jpg
Peeling,Cuidado de la piel,Exfoliación,Salicílico,30ml,9500,12000,Peeling químico,peeling-salicilico,https://www.lidherma.com.ar/thumbnails/saliclico_adaptada1_310xauto.png
Retinol A+,Cuidado de la piel,Anti-age,Cream,50g,25000,43000,Crema anti-edad,retinol-a-cream,https://www.lidherma.com.ar/thumbnails/lidherma_retinol_a_emulsion_cream1_310xauto.jpg
Retinol A+,Cuidado de la piel,Anti-age,Daily Cream,50g,22500,36500,Crema de día,retinol-a-daily-cream,https://www.lidherma.com.ar/thumbnails/lidherma_retinol_a_emulsion_daily_cream1_310xauto.jpg
Retinol A+,Cuidado de la piel,Anti-age,Emulsion,30ml,24000,40000,Emulsión facial,retinol-a-emulsion,https://www.lidherma.com.ar/thumbnails/emulsin_a_adaptada1_310xauto.png
Radian C,Cuidado de la piel,Despigmentante,Brightening Serum,30g,21000,34000,Serum despigmentante,radian-c-brightening-serum,https://www.lidherma.com.ar/thumbnails/lidherma_radian_c_brightening_serum1_310xauto.jpg
Radian C,Cuidado de la piel,Despigmentante,Face Mask,70g,17000,27500,Mascarilla facial,radian-c-face-mask,https://www.lidherma.com.ar/thumbnails/radian_c_face_mask_foto_final_cuadrada1_310xauto.png
Radian C,Cuidado de la piel,Corporal,Firming Body Cream,180g,20500,34000,Crema corporal,radian-c-firming-body-cream,https://www.lidherma.com.ar/thumbnails/lidherma_radian_c_firming_body_cream1_310xauto.jpg
Radian C,Cuidado de la piel,Manos,Hand Cream,50g,12500,18000,Crema de manos,radian-c-hand-cream,https://www.lidherma.com.ar/thumbnails/lidherma_radian_c_hand_cream1_310xauto.jpg
Radian C,Cuidado de la piel,Despigmentante,Lightening Face Cream,50g,24000,39500,Crema despigmentante,radian-c-lightening-face-cream,https://www.lidherma.com.ar/thumbnails/lidherma_radian_c_lightening_face_cream1_310xauto.jpg
Radian C,Cuidado de la piel,Mascarillas,Revitalizing Mask,150g,21000,33500,Mascarilla revitalizante,radian-c-revitalizing-mask,https://www.lidherma.com.ar/thumbnails/lidherma_radian_c_revitalizing_mask1_310xauto.jpg
Silver Age,Cuidado de la piel,Anti-age maduro,Day Cream,50g,22500,37500,Crema de día,silver-age-day-cream,https://www.lidherma.com.ar/thumbnails/lidherma_silver_age_day_cream1_310xauto.jpg
Silver Age,Cuidado de la piel,Anti-age maduro,Night Cream,50g,22000,36500,Crema de noche,silver-age-night-cream,https://www.lidherma.com.ar/thumbnails/lidherma_silver_age_night_cream1_310xauto.jpg
Skinbioma,Cuidado de la piel,Microbioma,Face Cream,50g,18000,29500,Crema facial,skinbioma-face-cream,https://www.lidherma.com.ar/thumbnails/skinbioma_face_mask_adaptada1_310xauto.png
Skinbioma,Cuidado de la piel,Microbioma,Face Lotion,125ml,15500,25500,Loción facial,skinbioma-face-lotion,https://www.lidherma.com.ar/thumbnails/lotion_skinbioma_adaptada1_310xauto.png
Skinbioma,Cuidado de la piel,Manos,Hand Cream,50g,9000,13500,Crema de manos,skinbioma-hand-cream,https://www.lidherma.com.ar/thumbnails/hand_cream_skinbioma_adaptada1_310xauto.png
Skinbioma,Cuidado de la piel,Limpieza,Micellar Water,190ml,12000,19000,Agua micelar,skinbioma-micellar-water,https://www.lidherma.com.ar/thumbnails/lidherma_skinbioma_micelar_water1_310xauto.jpg
Skinbioma,Cuidado de la piel,Corporal,Shower Gel,290g,14000,22500,Gel de ducha,skinbioma-shower-gel,https://www.lidherma.com.ar/thumbnails/lidherma_skinbioma_water_gel1_310xauto.jpg
Skin Color,Maquillaje,Base,BB Cream Nude,30g,17000,25000,Base BB,skin-color-bb-cream-nude,https://www.lidherma.com.ar/thumbnails/lidherma_skin_color_bb_cream_nude1_310xauto.jpg
Skin Color,Maquillaje,Base,BB Cream Beige,30g,17000,25000,Base BB,skin-color-bb-cream-beige,https://www.lidherma.com.ar/thumbnails/lidherma_skin_color_bb_cream_beige1_310xauto.jpg
Tense Complex,Cuidado de la piel,Firmeza,Face Cream,50g,26500,42000,Crema facial,tense-complex-face-cream,https://www.lidherma.com.ar/thumbnails/tense_complex_face_cream1_310xauto.jpg
Tense Complex,Cuidado de la piel,Firmeza,Serum,30ml,23500,39000,Serum facial,tense-complex-serum,https://www.lidherma.com.ar/thumbnails/tense_complex_serum1_310xauto.jpg
Vita Shield,Cuidado de la piel,Protección,Ageless Complex,50g,19000,31500,Complejo anti-age,vita-shield-ageless-complex,https://www.lidherma.com.ar/thumbnails/lidherma_vita_shield_ageless_complex1_310xauto.jpg
Vita Shield,Cuidado de la piel,Protección,Hydra Complex,50g,16500,27500,Complejo hidratante,vita-shield-hydra-complex,https://www.lidherma.com.ar/thumbnails/lidherma_vita_shield_hydra_complex1_310xauto.jpg
Dherma Sun,Solares,Post solar,Brumissage Post Solar,200g,17000,24000,Bruma post solar,dherma-sun-brumissage-post-solar,https://www.lidherma.com.ar/thumbnails/lidherma_solares_brumissage1_310xauto.jpg
Dherma Sun,Solares,Protección,UVA Plus SPF 40 Toque Seco,60g,16500,24000,Protector solar,dherma-sun-uva-plus-spf-40-toque-seco,https://www.lidherma.com.ar/thumbnails/fotoprotector_facial_toque_seco3_310xauto.png
Dherma Sun,Solares,Protección,UVA Plus SPF 40 Toque Seco color,60g,17000,25000,Protector solar con color,dherma-sun-uva-plus-spf-40-toque-seco-color,https://www.lidherma.com.ar/thumbnails/fotoprotector_facial_con_color3_310xauto.png
Dherma Sun,Solares,Protección,UVA Plus SPF 50+,100g,20500,30000,Protector solar,dherma-sun-uva-plus-spf-50-,https://www.lidherma.com.ar/thumbnails/fotoprotector_facial3_310xauto.png
Dherma Sun,Solares,Protección,UVA Plus SPF 30 spray,150g,21500,31000,Protector solar spray,dherma-sun-uva-plus-spf-30-spray,https://www.lidherma.com.ar/thumbnails/lidherma_solares_spf_30_spray1_310xauto.jpg
Dherma Sun,Solares,Autobronceante,Total Bronze,150g,21000,29500,Autobronceante,dherma-sun-total-bronze,https://www.lidherma.com.ar/thumbnails/ldh_total_bronze_150g_mobile_001_310xauto.jpg
Super,Cuidado de la piel,Tratamiento avanzado,Eye Global Repair,15g,25000,40000,Contorno de ojos,super-eye-global-repair,https://www.lidherma.com.ar/thumbnails/super_eye_global_repair_adaptada3_310xauto.png
Super,Cuidado de la piel,Tratamiento avanzado,Eyes Lash,5ml,20000,32000,Tratamiento pestañas,super-eyes-lash,https://www.lidherma.com.ar/thumbnails/super_eyes_lash_adaptada3_310xauto.png
Super,Cuidado de la piel,Tratamiento avanzado,Serum Rejuvenate,30ml,28000,45000,Serum rejuvenecedor,super-serum-rejuvenate,https://www.lidherma.com.ar/thumbnails/super_serum_rejuvenate_adaptada3_310xauto.png
Super,Cuidado de la piel,Tratamiento avanzado,Serum Moisturizer,30ml,24000,38000,Serum hidratante,super-serum-moisturizer,https://www.lidherma.com.ar/thumbnails/super_serum_moisturizer_adaptada3_310xauto.png
Super,Cuidado de la piel,Tratamiento avanzado,Serum Dark Spot Repair,30ml,26000,42000,Serum despigmentante,super-serum-dark-spot-repair,https://www.lidherma.com.ar/thumbnails/super_serum_dark_spot_repair_adaptada3_310xauto.pnglinea,categoria_L1,categoria_L2,producto,presentacion,precio_profesional_ARS,precio_publico_ARS,tipo,slug,imagen_url
Acnex Depure,Cuidado de la piel,Tratamiento del acné,Control Cover,2g,13000,21000,Maquillaje corrector,acnex-depure-control-cover,https://www.lidherma.com.ar/thumbnails/acnex_depure_control_cover_foto_producto_17_310xauto.png
Acnex Depure,Cuidado de la piel,Limpieza,Intensive Cleanser,100g,14500,24000,Limpiador facial,acnex-depure-intensive-cleanser,https://www.lidherma.com.ar/thumbnails/lidherma_acnex_depure_intensive_cleaner1_310xauto.jpg
Acnex Depure,Cuidado de la piel,Tratamiento del acné,Control Treatment,50g,18500,30000,Tratamiento facial,acnex-depure-control-treatment,https://www.lidherma.com.ar/thumbnails/lidherma_acnex_depure_control_treatment1_310xauto.jpg
Acnex Depure,Cuidado de la piel,Tratamiento del acné,Control Topic,15g,12000,20000,Tratamiento localizado,acnex-depure-control-topic,https://www.lidherma.com.ar/thumbnails/lidherma_acnex_depure_control_topic1_310xauto.jpg
Activos Concentrados,Cuidado de la piel,Tratamiento intensivo,Argireline Amplified,30ml,20000,33500,Activo concentrado,activos-concentrados-argireline-amplified,https://www.lidherma.com.ar/thumbnails/lidherma_ac_argireline_amplified1_310xauto.png
Activos Concentrados,Cuidado de la piel,Tratamiento intensivo,Bioceramidas,30ml,15000,25000,Activo concentrado,activos-concentrados-bioceramidas,https://www.lidherma.com.ar/thumbnails/lidherma_ac_bioceramidas_310xauto.png
Activos Concentrados,Cuidado de la piel,Tratamiento intensivo,Collagen,30ml,16500,28000,Activo concentrado,activos-concentrados-collagen,https://www.lidherma.com.ar/thumbnails/lidherma_ac_collagen3_310xauto.png
Activos Concentrados,Cuidado de la piel,Tratamiento intensivo,DMAE,30ml,16500,28000,Activo concentrado,activos-concentrados-dmae,https://www.lidherma.com.ar/thumbnails/lidherma_ac_dmae_30ml_310xauto.png
Activos Concentrados,Cuidado de la piel,Tratamiento intensivo,Hialuronico,30ml,20000,33500,Activo concentrado,activos-concentrados-hialuronico,https://www.lidherma.com.ar/thumbnails/lidherma_ac_hialuronico1_310xauto.png
Activos Concentrados,Cuidado de la piel,Tratamiento intensivo,Melatonina,30ml,20000,33500,Activo concentrado,activos-concentrados-melatonina,https://www.lidherma.com.ar/thumbnails/lidherma_ac_melatonina1_310xauto.png
Activos Concentrados,Cuidado de la piel,Tratamiento intensivo,Niacinamida,30ml,16500,28000,Activo concentrado,activos-concentrados-niacinamida,https://www.lidherma.com.ar/thumbnails/lidherma_ac_niacinamida_30ml1_310xauto.png
Activos Concentrados,Cuidado de la piel,Tratamiento intensivo,Resveratrol,30ml,20000,33500,Activo concentrado,activos-concentrados-resveratrol,https://www.lidherma.com.ar/thumbnails/lidherma_ac_resveratrol1_310xauto.png
Activos Concentrados,Cuidado de la piel,Tratamiento intensivo,Retinol,30ml,20000,33500,Activo concentrado,activos-concentrados-retinol,https://www.lidherma.com.ar/thumbnails/lidherma_ac_retinol1_310xauto.png
Activos Concentrados,Cuidado de la piel,Tratamiento intensivo,Silicio H,30ml,20000,34000,Activo concentrado,activos-concentrados-silicio-h,https://www.lidherma.com.ar/thumbnails/lidherma_ac_silicioh_310xauto.png
Activos Concentrados,Cuidado de la piel,Tratamiento intensivo,Tranexamico,30ml,16500,28000,Activo concentrado,activos-concentrados-tranexamico,https://www.lidherma.com.ar/thumbnails/lidherma_ac_tranexamico2_310xauto.png
Activos Concentrados,Cuidado de la piel,Tratamiento intensivo,Vitamina B12,30ml,20000,33500,Activo concentrado,activos-concentrados-vitamina-b12,https://www.lidherma.com.ar/thumbnails/lidherma_ac_vitamina_b121_310xauto.png
Activos Concentrados,Cuidado de la piel,Tratamiento intensivo,Vitamina C Complex,30ml,16500,28000,Activo concentrado,activos-concentrados-vitamina-c-complex,https://www.lidherma.com.ar/thumbnails/lidherma_ac_vitamina_c_complex1_310xauto.jpg
Aqua Shot,Cuidado de la piel,Hidratación,Body Cream,280g,14500,23500,Crema corporal,aqua-shot-body-cream,https://www.lidherma.com.ar/thumbnails/lidherma_aqua_shot_crema_corporal_hidratante1_310xauto.jpg
Aqua Shot,Cuidado de la piel,Hidratación,Face Cream,50g,16000,26000,Crema facial,aqua-shot-face-cream,https://www.lidherma.com.ar/thumbnails/lidherma_aqua_shot_face_cream1_310xauto.jpg
Aqua Shot,Cuidado de la piel,Exfoliación,Gel Scrub,100g,10000,16000,Exfoliante,aqua-shot-gel-scrub,https://www.lidherma.com.ar/thumbnails/aquashot_gel_scrub_nuevo_packaging1_310xauto.png
Aqua Shot,Cuidado de la piel,Limpieza,Micellar Water,190ml,13000,21000,Agua micelar,aqua-shot-micellar-water,https://www.lidherma.com.ar/thumbnails/lidherma_aqua_shot_locion_micelar_3_en_1_310xauto.jpg
Aqua Shot,Cuidado de la piel,Limpieza,Micellar Water,490ml,20000,30000,Agua micelar,aqua-shot-micellar-water-490ml,https://www.lidherma.com.ar/thumbnails/lidherma_aqua_shot_locion_micelar_3_en_1_310xauto.jpg
Biosmotic,Cuidado de la piel,Hidratación profunda,Water Booster,75g,15000,25000,Potenciador hidratante,biosmotic-water-booster,https://www.lidherma.com.ar/thumbnails/lidherma_biosmotic_water_booster1_310xauto.jpg
Biosmotic,Cuidado de la piel,Hidratación profunda,Water Cream,50g,23000,38000,Crema hidratante,biosmotic-water-cream,https://www.lidherma.com.ar/thumbnails/lidherma_biosmotic_water_cream1_310xauto.jpg
Biosmotic,Cuidado de la piel,Hidratación profunda,Water Drops,30g,23500,36000,Serum hidratante,biosmotic-water-drops,https://www.lidherma.com.ar/thumbnails/lidherma_biosmotic_water_drops1_310xauto.jpg
CB2 Power,Cuidado de la piel,Tratamiento anti-inflamatorio,Lotion,200ml,14000,22000,Loción tratamiento,cb2-power-lotion,https://www.lidherma.com.ar/thumbnails/lidherma_cb2_power_lotion1_310xauto.jpg
CB2 Power,Cuidado de la piel,Tratamiento anti-inflamatorio,Mask,150g,13000,20000,Mascarilla facial,cb2-power-mask,https://www.lidherma.com.ar/thumbnails/lidherma_cb2_power_mask1_310xauto.jpg
Cellactive,Cuidado de la piel,Anti-age,Anti Age Tecno Mask,22g,9500,15000,Mascarilla anti-edad,cellactive-anti-age-tecno-mask,https://www.lidherma.com.ar/thumbnails/cellactive_anti_age_tecno_mask_310xauto.jpg
Cellactive,Cuidado de la piel,Limpieza,Cleansing Gel,100g,13000,21000,Gel limpiador,cellactive-cleansing-gel,https://www.lidherma.com.ar/thumbnails/lidherma_cellactive_cleansing_gel1_310xauto.jpg
Cellactive,Cuidado de la piel,Hidratación,Hidro Cream,50g,18000,30500,Crema hidratante,cellactive-hidro-cream,https://www.lidherma.com.ar/thumbnails/lidherma_cellactive_hidro_cream1_310xauto.jpg
Cellactive,Cuidado de la piel,Anti-age,Longevity Cream,50g,22000,37000,Crema longevidad,cellactive-longevity-cream,https://www.lidherma.com.ar/thumbnails/lidherma_cellactive_longevity_cream1_310xauto.jpg
Detoxify,Cuidado de la piel,Limpieza,Deep Cleanser Gel,110g,14000,24000,Gel limpiador profundo,detoxify-deep-cleanser-gel,https://www.lidherma.com.ar/thumbnails/ldh_detoxify_cleanser_480_310xauto.jpg
Detoxify,Cuidado de la piel,Limpieza,Deep Cleanser Gel,480g,21500,35000,Gel limpiador profundo,detoxify-deep-cleanser-gel-480g,https://www.lidherma.com.ar/thumbnails/ldh_detoxify_cleanser_480_310xauto.jpg
Detoxify,Cuidado de la piel,Hidratación,Facial Emulsion,50g,18000,29500,Emulsión facial,detoxify-facial-emulsion,https://www.lidherma.com.ar/thumbnails/lidherma_detoxify_facial_emulsion1_310xauto.jpg
Dherma Science,Cuidado de la piel,Anti-age avanzado,Advanced Formula,32g,28000,45000,Fórmula avanzada,dherma-science-advanced-formula,https://www.lidherma.com.ar/thumbnails/lidherma_dherma_science_advanced_formula1_310xauto.jpg
Dherma Science,Cuidado de la piel,Contorno de ojos,Eye Drone Technology,15g,26000,40000,Contorno de ojos,dherma-science-eye-drone-technology,https://www.lidherma.com.ar/thumbnails/lidherma_dherma_science_eye_drone1_310xauto.jpg
Dherma Science,Cuidado de la piel,Noche,Night Reset Cream,50g,30000,48000,Crema nocturna,dherma-science-night-reset-cream,https://www.lidherma.com.ar/thumbnails/lidherma_dherma_science_night_reset_cream1_310xauto.jpg
Dherma Science,Cuidado de la piel,Tratamiento,Proteo-C Solution,10 ampollas x 2ml,28000,44000,Ampollas tratamiento,dherma-science-proteo-c-solution,https://www.lidherma.com.ar/thumbnails/lidherma_dherma_science_proteo_c_solution1_310xauto.jpg
Dherma Science,Cuidado de la piel,Tratamiento,Treatment Oil,34ml,26000,42000,Aceite tratamiento,dherma-science-treatment-oil,https://www.lidherma.com.ar/thumbnails/dherma_science_treatment_oil_310xauto.jpg
Hyaluronic 4D,Cuidado de la piel,Hidratación multidimensional,Cleansing Foam,145ml,16000,26500,Espuma limpiadora,hyaluronic-4d-cleansing-foam,https://www.lidherma.com.ar/thumbnails/lidherma_hyaluronic_4d_cleansing_foam1_310xauto.jpg
Hyaluronic 4D,Cuidado de la piel,Contorno de ojos,Eyes,15g,23500,38500,Contorno de ojos,hyaluronic-4d-eyes,https://www.lidherma.com.ar/thumbnails/lidherma_hyaluronic_4d_eyes1_310xauto.jpg
Hyaluronic 4D,Cuidado de la piel,Hidratación multidimensional,Face Cream,50g,25500,42500,Crema facial,hyaluronic-4d-face-cream,https://www.lidherma.com.ar/thumbnails/lidherma_hyaluronic_4d_face_cream1_310xauto.jpg
Hyaluronic 4D,Cuidado de la piel,Hidratación multidimensional,Face Mask,150g,21000,33500,Mascarilla facial,hyaluronic-4d-face-mask,https://www.lidherma.com.ar/thumbnails/lidherma_hyaluronic_4d_face_mask1_310xauto.jpg
Hyaluronic 4D,Cuidado de la piel,Hidratación multidimensional,Rich Cream,50g,25000,41500,Crema rica,hyaluronic-4d-rich-cream,https://www.lidherma.com.ar/thumbnails/lidherma_hyaluronic_4d_rich_cream1_310xauto.jpg
Hyaluronic 4D,Cuidado de la piel,Hidratación multidimensional,Serum,30g,24000,39000,Serum facial,hyaluronic-4d-serum,https://www.lidherma.com.ar/thumbnails/lidherma_hyaluronic_4d_serum1_310xauto.jpg
Hydrapore,Cuidado de la piel,Hidratación profunda,Contorno de Ojos,15ml,16500,27500,Contorno de ojos,hydrapore-contorno-de-ojos,https://www.lidherma.com.ar/thumbnails/lidherma_hydrapore_contorno_de_ojos1_310xauto.jpg
Hydrapore,Cuidado de la piel,Hidratación profunda,Gel Cream,50g,22000,35500,Gel crema,hydrapore-gel-cream,https://www.lidherma.com.ar/thumbnails/lidherma_hydrapore_gel_cream1_310xauto.jpg
Hydrapore,Cuidado de la piel,Hidratación profunda,Moisturizing Lotion,125ml,14500,24500,Loción hidratante,hydrapore-moisturizing-lotion,https://www.lidherma.com.ar/thumbnails/hydrapore_lotion_125_ml3_310xauto.png
Matt Balance,Cuidado de la piel,Piel grasa,Cleansing Gel,180ml,16500,27000,Gel limpiador,matt-balance-cleansing-gel,https://www.lidherma.com.ar/thumbnails/matt_balance_cleansing_gel_cuadrada1_310xauto.png
Matt Balance,Cuidado de la piel,Piel grasa,Cream,50g,19000,31000,Crema matificante,matt-balance-cream,https://www.lidherma.com.ar/thumbnails/matt_balance_creama_gel_cudrada1_310xauto.png
Matt Balance,Cuidado de la piel,Piel grasa,Lotion,125ml,17000,27000,Loción equilibrante,matt-balance-lotion,https://www.lidherma.com.ar/thumbnails/matt_balance_lotion_cuadrda1_310xauto.png
Niacinamide+,Cuidado de la piel,Tratamiento poros,Micellar Water,190ml,17500,28000,Agua micelar,niacinamide-micellar-water,https://www.lidherma.com.ar/thumbnails/niacinamide_micellar_water_foto_producto1_310xauto.png
Niacinamide+,Cuidado de la piel,Tratamiento poros,Serum,30g,24500,39500,Serum facial,niacinamide-serum,https://www.lidherma.com.ar/thumbnails/niacinamide_serum_foto_producto1_310xauto.png
Niacinamide+,Cuidado de la piel,Tratamiento poros,Cream,50g,26000,42000,Crema facial,niacinamide-cream,https://www.lidherma.com.ar/thumbnails/niacinamide_cream_foto_producto1_310xauto.png
Plasma Infusion,Cuidado de la piel,Rejuvenecimiento,Eye Contour,15g,20000,33000,Contorno de ojos,plasma-infusion-eye-contour,https://www.lidherma.com.ar/thumbnails/lidherma_plasma_infusion_eye_contour1_310xauto.jpg
Plasma Infusion,Cuidado de la piel,Rejuvenecimiento,Face Cream,50g,24000,40500,Crema facial,plasma-infusion-face-cream,https://www.lidherma.com.ar/thumbnails/lidherma_plasma_infusion_face_cream1_310xauto.jpg
Plasma Infusion,Cuidado de la piel,Rejuvenecimiento,Face Mask,150g,16500,26500,Mascarilla facial,plasma-infusion-face-mask,https://www.lidherma.com.ar/thumbnails/lidherma_plasma_infusion_face_mask_310xauto.jpg
Plasma Infusion,Cuidado de la piel,Rejuvenecimiento,Serum,30g,20500,34000,Serum facial,plasma-infusion-serum,https://www.lidherma.com.ar/thumbnails/lidherma_plasma_infusion_serum1_310xauto.jpg
Plasma Infusion,Cuidado de la piel,Rejuvenecimiento,Soft Face Cream,50g,25000,42500,Crema facial suave,plasma-infusion-soft-face-cream,https://www.lidherma.com.ar/thumbnails/lidherma_plasma_infusion_soft_face_cream1_310xauto.jpg
Renovage,Cuidado de la piel,Renovación celular,Formula Mandelico,50g,16500,27500,Renovador celular,renovage-formula-mandelico,https://www.lidherma.com.ar/thumbnails/lidherma_formula_mandelico1_310xauto.jpg
Renovage,Cuidado de la piel,Renovación celular,Ultra Renova Pads,30u,17500,29000,Discos renovadores,renovage-ultra-renova-pads,https://www.lidherma.com.ar/thumbnails/renova_pads_nuevo_packaging_foto_adaptada1_310xauto.png
Renovage,Cuidado de la piel,Renovación celular,Ultra Retinol,30g,14000,20500,Serum retinol,renovage-ultra-retinol,https://www.lidherma.com.ar/thumbnails/ultra_retinol_nuevo_envase3_310xauto.png
Vita B12+,Cuidado de la piel,Vitaminas,Cream,50g,24000,39500,Crema facial,vita-b12-cream,https://www.lidherma.com.ar/thumbnails/vita_b12_cream_producto7_310xauto.png
Vita B12+,Cuidado de la piel,Vitaminas,Emulsion,30ml,22000,35500,Emulsión facial,vita-b12-emulsion,https://www.lidherma.com.ar/thumbnails/vita_b12_emulsion_producto3_310xauto.png
Vita B12+,Cuidado de la piel,Contorno de ojos,Eye Contour,15g,21500,35000,Contorno de ojos,vita-b12-eye-contour,https://www.lidherma.com.ar/thumbnails/vita_b12_contorno_producto3_310xauto.png
Mímika,Maquillaje,Limpieza,Cleanser,30 unidades,6500,9500,Desmaquillante,mimika-cleanser,https://www.lidherma.com.ar/thumbnails/mimika_cleanser_310xauto.jpg
Mímika,Maquillaje,Base,Texture,32g,19500,28000,Base facial,mimika-texture,https://www.lidherma.com.ar/thumbnails/mimika_texture_310xauto.jpg
Mímika,Maquillaje,Base,Radiant Primer,25g,15500,23000,Primer facial,mimika-radiant-primer,https://www.lidherma.com.ar/thumbnails/radiant_primer_310xauto.jpg
Mímika,Maquillaje,Base,Perfect Skin Antiage Nude,35g,25000,36000,Base anti-age,mimika-perfect-skin-antiage-nude,https://www.lidherma.com.ar/thumbnails/mimika_perfect_skin_nude_310xauto.jpg
Mímika,Maquillaje,Base,Perfect Skin Antiage Beige,35g,25000,36000,Base anti-age,mimika-perfect-skin-antiage-beige,https://www.lidherma.com.ar/thumbnails/mimika_perfect_skin_beige_310xauto.jpg
Mímika,Maquillaje,Base,Perfect Skin Antiage Bronce,35g,25000,36000,Base anti-age,mimika-perfect-skin-antiage-bronce,https://www.lidherma.com.ar/thumbnails/mimika_perfect_skin_bronce_310xauto.jpg
Mímika,Maquillaje,Correctores,Serum Concealer Light,8g,17000,24000,Corrector serum,mimika-serum-concealer-light,https://www.lidherma.com.ar/thumbnails/mimika_serum_concealer_light_310xauto.jpg
Mímika,Maquillaje,Correctores,Serum Concealer Medium,8g,17000,24000,Corrector serum,mimika-serum-concealer-medium,https://www.lidherma.com.ar/thumbnails/mimika_serum_concealer_medium_310xauto.jpg
Mímika,Maquillaje,Correctores,Serum Concealer Neutral,8g,17000,24000,Corrector serum,mimika-serum-concealer-neutral,https://www.lidherma.com.ar/thumbnails/mimika_serum_concealer_neutral_310xauto.jpg
Mímika,Maquillaje,Correctores,Treatment Concealer Beige,2.5g,10500,15500,Corrector tratamiento,mimika-treatment-concealer-beige,https://www.lidherma.com.ar/thumbnails/mimika_treatment_concealer_beige_310xauto.jpg
Mímika,Maquillaje,Correctores,Treatment Concealer Green,2.5g,10500,15500,Corrector tratamiento,mimika-treatment-concealer-green,https://www.lidherma.com.ar/thumbnails/mimika_treatment_concealer_green_310xauto.jpg
Mímika,Maquillaje,Correctores,Treatment Concealer Yellow,2.5g,10500,15500,Corrector tratamiento,mimika-treatment-concealer-yellow,https://www.lidherma.com.ar/thumbnails/lidherma_mmk_corrector_yellow1_310xauto.jpg
Mímika,Maquillaje,Rubores,Powder Blush Golden,3g,13500,19500,Rubor en polvo,mimika-powder-blush-golden,https://www.lidherma.com.ar/thumbnails/mimika_powder_blush_golden_310xauto.jpg
Mímika,Maquillaje,Rubores,Powder Blush Peach,3g,13500,19500,Rubor en polvo,mimika-powder-blush-peach,https://www.lidherma.com.ar/thumbnails/mimika_powder_blush_peach_310xauto.jpg
Mímika,Maquillaje,Cejas,Brow Styler Brown,2.5g,13500,19500,Definidor de cejas,mimika-brow-styler-brown,https://www.lidherma.com.ar/thumbnails/mmk_brow_styler_brown_web_001_11_310xauto.jpg
Mímika,Maquillaje,Cejas,Brow Styler Taupe,2.5g,13500,19500,Definidor de cejas,mimika-brow-styler-taupe,https://www.lidherma.com.ar/thumbnails/mimika_brow_styler_taupe_310xauto.jpg
Mímika,Maquillaje,Ojos,Liquid Eyeliner Gray,1g,13500,20000,Delineador líquido,mimika-liquid-eyeliner-gray,https://www.lidherma.com.ar/thumbnails/mimika_liquid_eyeliner_gray_310xauto.jpg
Mímika,Maquillaje,Ojos,Treatment Mascara Black,5g,14000,20000,Máscara tratamiento,mimika-treatment-mascara-black,https://www.lidherma.com.ar/thumbnails/mimika_treatment_mascara_black_310xauto.jpg
Mímika,Maquillaje,Ojos,Waterproof Eyeliner Black,0.28g,15000,22000,Delineador waterproof,mimika-waterproof-eyeliner-black,https://www.lidherma.com.ar/thumbnails/mimika_waterproof_eyeliner_black_310xauto.jpg
Mímika,Maquillaje,Ojos,Waterproof Eyeliner Brown,0.28g,13500,19500,Delineador waterproof,mimika-waterproof-eyeliner-brown,https://www.lidherma.com.ar/thumbnails/mimika_waterproof_eyeliner_brown_310xauto.jpg
Mímika,Maquillaje,Labios,Hyaluronic Lip Balm,3g,16000,23000,Bálsamo labial,mimika-hyaluronic-lip-balm,https://www.lidherma.com.ar/thumbnails/mimika_hyaluronic_lip_balm_310xauto.jpg
Mímika,Maquillaje,Labios,Repair Lip Balm,2.3g,15000,21500,Bálsamo reparador,mimika-repair-lip-balm,https://www.lidherma.com.ar/thumbnails/mimika_repair_lip_balm_310xauto.jpg
Mímika,Maquillaje,Labios,Lipgloss Champagne,2g,11000,15000,Brillo labial,mimika-lipgloss-champagne,https://www.lidherma.com.ar/thumbnails/mimika_lipgloss_champagne_310xauto.jpg
Mímika,Maquillaje,Labios,Lipgloss Clear,2g,11000,15000,Brillo labial,mimika-lipgloss-clear,https://www.lidherma.com.ar/thumbnails/mimika_lipgloss_clear_310xauto.jpg
Mímika,Maquillaje,Labios,Lipgloss Nude,2g,11000,15000,Brillo labial,mimika-lipgloss-nude,https://www.lidherma.com.ar/thumbnails/mmika_lipgloss_nude1_310xauto.png
Mímika,Maquillaje,Labios,Lipgloss Rose,2g,11000,15000,Brillo labial,mimika-lipgloss-rose,https://www.lidherma.com.ar/thumbnails/mmika_lipgloss_ros1_310xauto.png
Mímika,Maquillaje,Labios,Lipstick Blackberry,3.5g,13500,19500,Lápiz lab